200,0.128822518,0.126514195
200.2,0.117581519,0.123136104
200.4,0.125130467,0.120717477
200.6,0.121737882,0.119258313
200.8,0.104534141,0.118758613
201,0.133630268,0.118929436
201.2,0.123771458,0.121215085
201.4,0.111950525,0.12780256
201.6,0.130452649,0.129710719
201.8,0.141085146,0.126958016
202,0.132355313,0.12501003
202.2,0.10879283,0.126202498
202.4,0.123100325,0.121453453
202.6,0.116538664,0.119589306
202.8,0.138727201,0.125220122
203,0.120261426,0.13298054
203.2,0.136506504,0.137165804
203.4,0.148749106,0.141437009
203.6,0.142716828,0.143482304
203.8,0.143931105,0.143038288
204,0.139663754,0.139900138
204.2,0.139808493,0.137736504
204.4,0.122807601,0.136468458
204.6,0.145585525,0.132117788
204.8,0.135936609,0.133395631
205,0.127313686,0.137042958
205.2,0.127690456,0.137180992
205.4,0.151461668,0.132214001
205.6,0.136033055,0.128072173
205.8,0.112527473,0.128158468
206,0.120963624,0.125698028
206.2,0.120427919,0.122586937
206.4,0.143234033,0.126904434
206.6,0.12549451,0.132014326
206.8,0.131785901,0.137234534
207,0.138379326,0.136917463
207.2,0.139472737,0.137723153
207.4,0.149355142,0.138490293
207.6,0.123127078,0.140874381
207.8,0.147791351,0.138589067
208,0.129152281,0.136148135
208.2,0.151404373,0.13512952
208.4,0.120679514,0.136234054
208.6,0.133070831,0.130416729
208.8,0.136182272,0.130188644
209,0.126493039,0.12865276
209.2,0.124478391,0.133532413
209.4,0.137174345,0.130849174
209.6,0.136508982,0.129067966
209.8,0.132413648,0.133580047
210,0.121607061,0.136373935
210.2,0.136779487,0.133976725
210.4,0.153352463,0.135896608
210.6,0.133864677,0.14143015
210.8,0.128283969,0.143064303
211,0.15145121,0.138040024
211.2,0.148744447,0.139749258
211.4,0.127678583,0.142146633
211.6,0.136114397,0.144506734
211.8,0.161345913,0.140424134
212,0.132901682,0.141834232
212.2,0.148765256,0.144844934
212.4,0.130965845,0.144049509
212.6,0.148813364,0.13736367
212.8,0.142232286,0.139052283
213,0.137077707,0.138480867
213.2,0.12240699,0.137913033
213.4,0.149314882,0.137704794
213.6,0.141546312,0.137249589
213.8,0.128910802,0.134845492
214,0.144501068,0.133726222
214.2,0.119808909,0.13224858
214.4,0.128081582,0.134839899
214.6,0.14414396,0.137351086
214.8,0.14852548,0.135900944
215,0.133966431,0.140767529
215.2,0.133242656,0.138893368
215.4,0.13293799,0.135838695
215.6,0.146829804,0.134199562
215.8,0.130531805,0.136010795
216,0.136399567,0.139001529
216.2,0.136470212,0.140625893
216.4,0.14635015,0.142141621
216.6,0.15167586,0.146023853
216.8,0.141754593,0.147144641
217,0.147153743,0.14493459
217.2,0.143429348,0.143891217
217.4,0.14346633,0.142927663
217.6,0.136477554,0.143897262
217.8,0.152684386,0.142376403
218,0.140747069,0.144315735
218.2,0.1441292,0.145425643
218.4,0.142287709,0.146747669
218.6,0.153123577,0.145555942
218.8,0.143198269,0.144236889
219,0.143969352,0.1416788
219.2,0.138519287,0.140388479
219.4,0.131729129,0.139174751
219.6,0.144323609,0.140195719
219.8,0.146392278,0.142921901
220,0.145197642,0.146712725
220.2,0.144867557,0.149766389
220.4,0.154759578,0.148360447
220.6,0.148864347,0.147089669
220.8,0.147033358,0.147263579
221,0.141739716,0.149166201
221.2,0.148625511,0.150722351
221.4,0.158051021,0.15276894
221.6,0.160639473,0.155056552
221.8,0.153042721,0.155054203
222,0.148415722,0.154292007
222.2,0.154397385,0.151581572
222.4,0.14769307,0.147509164
222.6,0.155161622,0.148642782
222.8,0.143126193,0.152295102
223,0.144647362,0.153408179
223.2,0.167610831,0.153445505
223.4,0.16169109,0.152970214
223.6,0.145682027,0.157591886
223.8,0.147565068,0.156372898
224,0.161216356,0.154488012
224.2,0.167626457,0.15617538
224.4,0.146751912,0.157563546
224.6,0.160170495,0.156853222
224.8,0.154120717,0.155429087
225,0.154626059,0.159695061
225.2,0.163415147,0.161157258
225.4,0.165614747,0.160974562
225.6,0.169731709,0.161170162
225.8,0.14269307,0.160770333
226,0.166462621,0.158853263
226.2,0.156957559,0.157805455
226.4,0.163016864,0.159950884
226.6,0.15898376,0.163277147
226.8,0.161770487,0.159596017
227,0.167992639,0.164499724
227.2,0.157928445,0.165147884
227.4,0.162834098,0.165000823
227.6,0.182511412,0.165580532
227.8,0.155621683,0.167061462
228,0.163875098,0.171253058
228.2,0.177005318,0.173225824
228.4,0.176133907,0.169761294
228.6,0.176100846,0.173133988
228.8,0.166037705,0.166168131
229,0.151713572,0.161005454
229.2,0.170539412,0.162455275
229.4,0.147954768,0.165133667
229.6,0.178175638,0.167334735
229.8,0.181685528,0.170131333
230,0.164345943,0.168678337
230.2,0.159232625,0.171597555
230.4,0.170742792,0.164304892
230.6,0.166073702,0.163156827
230.8,0.16972308,0.163779496
231,0.151267777,0.166278913
231.2,0.173061246,0.167947196
231.4,0.167242793,0.169919342
231.6,0.183085069,0.171928829
231.8,0.17303675,0.176387703
232,0.16837369,0.176393467
232.2,0.178168635,0.177374639
232.4,0.182163931,0.173953953
232.6,0.176664608,0.174172522
232.8,0.170351239,0.176646775
233,0.168657242,0.177244611
233.2,0.184500266,0.180321363
233.4,0.193231012,0.185130764
233.6,0.183635675,0.187083753
233.8,0.189277888,0.18891286
234,0.18459469,0.185929571
234.2,0.177786685,0.179699843
234.4,0.187675278,0.177391963
234.6,0.169110008,0.175931867
234.8,0.163916126,0.173691046
235,0.184110994,0.1739403
235.2,0.180511261,0.177278816
235.4,0.170182009,0.183911906
235.6,0.189366765,0.184647884
235.8,0.193279772,0.180846389
236,0.178137568,0.178732408
236.2,0.166008714,0.176560419
236.4,0.171078847,0.172891873
236.6,0.1733616,0.169564949
236.8,0.176226731,0.174450054
237,0.176678291,0.174095847
237.2,0.166883084,0.175407649
237.4,0.188073309,0.175196349
237.6,0.161825879,0.177628714
237.8,0.190773962,0.181340368
238,0.176800731,0.1830496
238.2,0.190889585,0.180450688
238.4,0.182004962,0.182520744
238.6,0.171696057,0.179020329
238.8,0.176106962,0.179574206
239,0.184368338,0.176965512
239.2,0.179651162,0.17777021
239.4,0.177787975,0.180739922
239.6,0.175685992,0.182360857
239.8,0.182786031,0.17811142
240,0.188167198,0.175450948
240.2,0.178096018,0.184041459
240.4,0.163442032,0.186616107
240.6,0.195226451,0.189985167
240.8,0.225516514,0.190932274
241,0.171750513,0.194139679
241.2,0.195330618,0.194225537
241.4,0.181429808,0.188338521
241.6,0.194802804,0.185473421
241.8,0.189417384,0.192662229
242,0.194063296,0.194491102
242.2,0.19644166,0.197906007
242.4,0.203807609,0.20284129
242.6,0.208932471,0.209131415
242.8,0.203219687,0.208432402
243,0.221749168,0.20712277
243.2,0.200858251,0.200941718
243.4,0.183700565,0.194791355
243.6,0.196548368,0.192324435
243.8,0.18335462,0.189479919
244,0.196685672,0.197232317
244.2,0.205315653,0.199113057
244.4,0.200280777,0.199935473
244.6,0.210168844,0.202668191
244.8,0.181165208,0.197155158
245,0.206304229,0.196856494
245.2,0.196739381,0.195142004
245.4,0.185351042,0.193994096
245.6,0.212293933,0.202393939
245.8,0.190220954,0.201438374
246,0.210651078,0.209238471
246.2,0.226058989,0.214217892
246.4,0.199527312,0.211273531
246.6,0.228101836,0.213609796
246.8,0.204346932,0.213995628
247,0.20276045,0.212599098
247.2,0.224814277,0.216240628
247.4,0.22615179,0.217124359
247.6,0.206982983,0.218446108
247.8,0.223189385,0.219693384
248,0.221123264,0.215417953
248.2,0.203941352,0.217019736
248.4,0.229022493,0.218912335
248.6,0.20981511,0.215877147
248.8,0.225544548,0.216352878
249,0.209629746,0.21494337
249.2,0.210442691,0.213104362
249.4,0.216300471,0.212125754
249.6,0.207551181,0.213978427
249.8,0.224158003,0.216160707
250,0.206958452,0.217412902
250.2,0.233285452,0.215891372
250.4,0.206870589,0.216947718
250.6,0.221415775,0.220320943
250.8,0.217204512,0.228021372
251,0.239111915,0.234746872
251.2,0.253041326,0.243381099
251.4,0.248839261,0.247932285
251.6,0.254800364,0.254766906
251.8,0.246604571,0.258738198
252,0.270188597,0.266866142
252.2,0.283301189,0.277541024
252.4,0.290213758,0.288965699
252.6,0.308011821,0.310246997
252.8,0.316550363,0.326122887
253,0.346087897,0.346589282
253.2,0.387244958,0.365944413
253.4,0.37345009,0.388247345
253.6,0.409757938,0.408368559
253.8,0.418538208,0.425259903
254,0.455837128,0.443508621
254.2,0.454865222,0.462255707
254.4,0.478854129,0.475324833
254.6,0.493461371,0.488054036
254.8,0.488960535,0.499212998
255,0.516042763,0.514809255
255.2,0.523253281,0.524905127
255.4,0.54376691,0.538016332
255.6,0.549245303,0.547756772
255.8,0.546583645,0.552933428
256,0.563966802,0.556413112
256.2,0.549339159,0.554155103
256.4,0.561968921,0.559861915
256.6,0.553410306,0.561154355
256.8,0.553902891,0.556900665
257,0.577449735,0.550835787
257.2,0.532179481,0.543079949
257.4,0.528294673,0.537781669
257.6,0.524667506,0.53249642
257.8,0.539914165,0.530398801
258,0.534607614,0.534049779
258.2,0.53363239,0.529641701
258.4,0.531422516,0.5267373
258.6,0.510133726,0.522054272
258.8,0.50940969,0.514199262
259,0.525593593,0.511363189
259.2,0.507464197,0.507170871
259.4,0.488995875,0.504626444
259.6,0.51481119,0.497176473
259.8,0.485874348,0.494192844
260,0.490504868,0.495433313
260.2,0.486579254,0.488553394
260.4,0.502985564,0.480901355
260.6,0.473874663,0.480378772
260.8,0.453557106,0.476843089
261,0.486632354,0.476488894
261.2,0.479758221,0.472630991
261.4,0.475237509,0.474784436
261.6,0.474682601,0.471224324
261.8,0.453617461,0.463346597
262,0.46154715,0.458083655
262.2,0.449211773,0.450883525
262.4,0.457126242,0.448375541
262.6,0.439876085,0.449988347
262.8,0.440188032,0.446540638
263,0.458676811,0.446536727
263.2,0.446566663,0.442435505
263.4,0.431220629,0.440178579
263.6,0.439030941,0.433489784
263.8,0.422963176,0.426698159
264,0.427091983,0.42697992
264.2,0.422453235,0.430100227
264.4,0.431293817,0.426031325
264.6,0.433776426,0.425603369
264.8,0.423489333,0.4186108
265,0.397948414,0.413696593
265.2,0.415013555,0.41036282
265.4,0.397125532,0.404479258
265.6,0.414813138,0.404175255
265.8,0.408255004,0.401751957
266,0.38338322,0.397076473
266.2,0.401675397,0.39598372
266.4,0.382808176,0.389031852
266.6,0.39765573,0.390006104
266.8,0.388098601,0.389224455
267,0.377742443,0.381743841
267.2,0.393518327,0.383182293
267.4,0.366657448,0.377961531
267.6,0.373372173,0.378142117
267.8,0.393849836,0.37830849
268,0.363787246,0.374549663
268.2,0.38111872,0.375813996
268.4,0.369258362,0.368654855
268.6,0.360192412,0.364000392
268.8,0.365018161,0.360382222
269,0.347749535,0.353168863
269.2,0.362988549,0.355751566
269.4,0.340384305,0.355260951
269.6,0.358846816,0.351823118
269.8,0.369526133,0.353214401
270,0.337586097,0.352715941
270.2,0.344889238,0.353140274
270.4,0.36142658,0.350219072
270.6,0.351506293,0.348302457
270.8,0.341571365,0.348312967
271,0.347514048,0.342867219
271.2,0.334230556,0.332931968
271.4,0.328190726,0.331730178
271.6,0.328759686,0.32998105
271.8,0.32011535,0.327491065
272,0.345525326,0.330262432
272.2,0.324301084,0.331005943
272.4,0.329648553,0.334118938
272.6,0.337688252,0.333942466
272.8,0.327392629,0.329972954
273,0.33710706,0.325897463
273.2,0.312198789,0.316756304
273.4,0.311607326,0.310553527
273.6,0.295718663,0.306623765
273.8,0.305346906,0.303868229
274,0.317181534,0.310941079
274.2,0.307752364,0.312533858
274.4,0.315783769,0.314714754
274.6,0.323145369,0.309220464
274.8,0.293935227,0.304460664
275,0.303085432,0.304144262
275.2,0.292482208,0.302073704
275.4,0.30981699,0.301685108
275.6,0.311226667,0.305011508
275.8,0.299625523,0.302011158
276,0.298228696,0.300103071
276.2,0.295247192,0.294972325
276.4,0.288397764,0.292989076
276.6,0.294711746,0.292381991
276.8,0.290544713,0.289205227
277,0.288409619,0.281127844
277.2,0.278650911,0.279530579
277.4,0.269401954,0.278535301
277.6,0.265784193,0.280130107
277.8,0.303380476,0.282382206
278,0.285925251,0.284543221
278.2,0.281619186,0.284075559
278.4,0.276138027,0.277910662
278.6,0.269606476,0.26830823
278.8,0.264738239,0.26594677
279,0.26008852,0.266632681
279.2,0.268759071,0.267986279
279.4,0.269337641,0.266619128
279.6,0.27377782,0.26295874
279.8,0.255503219,0.257111324
280,0.242653849,0.252906097
280.2,0.245177403,0.248977875
280.4,0.248102504,0.245041501
280.6,0.257598761,0.247081367
280.8,0.238977333,0.244026336
281,0.237422843,0.240638861
281.2,0.243743836,0.236603545
281.4,0.223345334,0.23506614
281.6,0.243159061,0.237442211
281.8,0.236812868,0.237209846
282,0.243898975,0.239215325
282.2,0.238844757,0.245330473
282.4,0.238717566,0.241048835
282.6,0.251029156,0.243001446
282.8,0.244410565,0.239262084
283,0.221112206,0.237686578
283.2,0.247806168,0.233852457
283.4,0.219782308,0.227412995
283.6,0.234268649,0.229553157
283.8,0.22321135,0.230513897
284,0.223987502,0.224833614
284.2,0.241970185,0.223916886
284.4,0.212724442,0.22267564
284.6,0.213286242,0.224203982
284.8,0.223345786,0.22242448
285,0.235641192,0.221254554
285.2,0.221276597,0.22323724
285.4,0.214936359,0.221015513
285.6,0.221829648,0.21950076
285.8,0.214557226,0.220798414
286,0.223959127,0.225140469
286.2,0.233114039,0.225531429
286.4,0.229163435,0.224785585
286.6,0.217080828,0.219884923
286.8,0.208121461,0.214230343
287,0.212577269,0.205741397
287.2,0.194204692,0.201337077
287.4,0.207537557,0.198844265
287.6,0.189087232,0.198373428
287.8,0.202935237,0.20023369
288,0.199730685,0.203266729
288.2,0.207889278,0.204158177
288.4,0.208422682,0.200636291
288.6,0.194746253,0.197006608
288.8,0.193837209,0.194717322
289,0.174163902,0.192945932
289.2,0.207141793,0.191071606
289.4,0.192294543,0.188499912
289.6,0.190146955,0.185351667
289.8,0.174615103,0.184308867
290,0.17343552,0.179518843
290.2,0.186191379,0.183490572
290.4,0.192022094,0.189555203
290.6,0.192961903,0.193275827
290.8,0.199790399,0.195353645
291,0.194767672,0.191263866
291.2,0.178591074,0.188625437
291.4,0.191179477,0.186657695
291.6,0.175871341,0.182779747
291.8,0.188759148,0.17910389
292,0.17942772,0.176251946
292.2,0.167477702,0.173640102
292.4,0.167121107,0.174601774
292.6,0.175591422,0.175908022
292.8,0.184281493,0.174706965
293,0.17719049,0.173812455
293.2,0.174644013,0.170731768
293.4,0.149333464,0.167679177
293.6,0.169606487,0.165671095
293.8,0.169274492,0.165952773
294,0.172260125,0.166608454
294.2,0.165838504,0.168615535
294.4,0.162064066,0.163261039
294.6,0.161786713,0.163528485
294.8,0.161724096,0.160271736
295,0.157228663,0.161112528
295.2,0.170234963,0.159851227
295.4,0.14736587,0.158675373
295.6,0.165373409,0.157374055
295.8,0.149702525,0.154855858
296,0.15622099,0.153438421
296.2,0.15178352,0.151808939
296.4,0.147955446,0.148852653
296.6,0.154596826,0.151190563
296.8,0.139303732,0.151817979
297,0.159588653,0.152735369
297.2,0.155792674,0.150020265
297.4,0.146482917,0.141323066
297.6,0.136011856,0.135973318
297.8,0.123774498,0.134894041
298,0.123447308,0.139994215
298.2,0.154164408,0.142997295
298.4,0.169823198,0.14659556
298.6,0.146927282,0.150201088
298.8,0.129385339,0.151503625
299,0.147462908,0.145542545
299.2,0.153166356,0.142965068
299.4,0.150776734,0.144833631
299.6,0.133659195,0.144379058
299.8,0.140930129,0.140663187
300,0.135203738,0.132688968
300.2,0.133044806,0.130073403
300.4,0.130616675,0.128541696
300.6,0.108836244,0.121730418
300.8,0.135493454,0.121829495
301,0.119033523,0.125516237
301.2,0.117365108,0.129287101
301.4,0.146621185,0.132215633
301.6,0.138276326,0.13110608
301.8,0.124594775,0.130956268
302,0.124127655,0.131924889
302.2,0.131624486,0.127922392
302.4,0.123834661,0.129264823
302.6,0.142794418,0.125414552
302.8,0.118771521,0.125639831
303,0.121597179,0.125582441
303.2,0.108602099,0.125872176
303.4,0.146295919,0.121113373
303.6,0.124338261,0.122517499
303.8,0.11560453,0.121735127
304,0.109315108,0.123304064
304.2,0.127545055,0.121034367
304.4,0.127123796,0.124637256
304.6,0.130645461,0.124408133
304.8,0.119046937,0.118012136
305,0.108230875,0.109086156
305.2,0.099052265,0.10328599
305.4,0.092749159,0.099533862
305.6,0.108174096,0.103484298
305.8,0.109151949,0.111059605
306,0.113672675,0.115259385
306.2,0.12678818,0.116231107
306.4,0.117457734,0.113642436
306.6,0.099293793,0.111177411
306.8,0.106222947,0.107315878
307,0.109303297,0.105328436
307.2,0.107127466,0.107561333
307.4,0.107699395,0.109189107
307.6,0.114092933,0.110856499
307.8,0.109087614,0.112518717
308,0.106430691,0.110113276
308.2,0.118414712,0.105245242
308.4,0.100774697,0.10085984
308.6,0.085063458,0.095394216
308.8,0.093200492,0.096140624
309,0.098867648,0.094722746
309.2,0.092187788,0.095969624
309.4,0.115293868,0.098737043
309.6,0.085001767,0.09700291
309.8,0.090061969,0.094650918
310,0.100961604,0.093635588
310.2,0.088690909,0.088111105
310.4,0.090384908,0.091103942
310.6,0.091739024,0.09353237
310.8,0.08486507,0.093202781
311,0.107572057,0.09894616
311.2,0.10761881,0.102586474
311.4,0.093009713,0.104631272
311.6,0.11360739,0.1045941
311.8,0.099185797,0.099057927
312,0.095178108,0.094278093
312.2,0.091505014,0.096141565
312.4,0.08734042,0.090410599
312.6,0.090975629,0.091649706
312.8,0.108920816,0.092921739
313,0.077361012,0.096300872
313.2,0.103235679,0.097951823
313.4,0.098821579,0.097418963
313.6,0.102375472,0.095743722
313.8,0.091036066,0.096017545
314,0.092022096,0.093416892
314.2,0.09047112,0.091390635
314.4,0.088239606,0.090366412
314.6,0.101287219,0.089791792
314.8,0.081854844,0.092207264
315,0.093584318,0.094436264
315.2,0.090592719,0.094860981
315.4,0.106769252,0.091136108
315.6,0.088380128,0.088016976
315.8,0.08123102,0.089187827
316,0.075836386,0.085889438
316.2,0.086186789,0.084720424
316.4,0.110623794,0.087220101
316.6,0.068332381,0.086764027
316.8,0.094503671,0.089567243
317,0.082602088,0.087562375
317.2,0.085901842,0.088745218
317.4,0.105107298,0.094957449
317.6,0.085057036,0.092566636
317.8,0.099155659,0.089461221
318,0.082331937,0.085437756
318.2,0.077486192,0.079348379
318.4,0.070640382,0.079820237
318.6,0.08579713,0.075465025
318.8,0.076240245,0.078553572
319,0.084132495,0.081412299
319.2,0.071940887,0.082010725
319.4,0.092468724,0.082226757
319.6,0.082836509,0.083035361
319.8,0.077771048,0.080898349
320,0.087952403,0.084628644
320.2,0.077640415,0.085646873
320.4,0.085654627,0.089818458
320.6,0.10463741,0.087581819
320.8,0.088194071,0.088381306
321,0.082745299,0.090845509
321.2,0.072663637,0.088372804
321.4,0.104786295,0.083335543
321.6,0.085115268,0.078965192
321.8,0.071944315,0.079710697
322,0.068200194,0.080625088
322.2,0.070331952,0.077213984
322.4,0.100428089,0.077511099
322.6,0.077420143,0.073407078
322.8,0.063975201,0.068573037
323,0.053859542,0.064895755
323.2,0.053689536,0.058468215
323.4,0.072744049,0.064815809
323.6,0.076415029,0.071955602
323.8,0.066472649,0.076983393
324,0.089468908,0.076698084
324.2,0.074306831,0.074155843
324.4,0.068498744,0.074585699
324.6,0.067191661,0.075146502
324.8,0.078416993,0.070508037
325,0.077966084,0.069982172
325.2,0.067524989,0.070870633
325.4,0.06093088,0.071938092
325.6,0.071293848,0.071709003
325.8,0.081353148,0.072504574
326,0.07586527,0.072517919
326.2,0.068372222,0.069256648
326.4,0.062814023,0.067577928
326.6,0.058483372,0.062133859
326.8,0.061598255,0.060248622
327,0.074234409,0.061544497
327.2,0.047040982,0.061934812
327.4,0.066180499,0.062358081
327.6,0.069454195,0.064624377
327.8,0.062257113,0.070359186
328,0.073009487,0.074810116
328.2,0.0842952,0.075853127
328.4,0.081572231,0.074751865
328.6,0.058259585,0.071479441
328.8,0.075456147,0.065913887
329,0.054183941,0.060964364
329.2,0.057373125,0.060080242
329.4,0.063035276,0.058692601
329.6,0.059335789,0.057787581
329.8,0.058089422,0.056256357
330,0.048051001,0.053783256
330.2,0.064175319,0.054076539
330.4,0.041743118,0.058726106
330.6,0.068662951,0.065225371
330.8,0.075923323,0.07040275
331,0.078894053,0.073623156
331.2,0.075099804,0.077567601
331.4,0.067713335,0.072992956
331.6,0.075179195,0.070791405
331.8,0.067188326,0.068693066
332,0.06418486,0.065872703
332.2,0.069789777,0.064426747
332.4,0.061273017,0.066980252
332.6,0.058892268,0.06477166
332.8,0.070673745,0.062244016
333,0.07365943,0.057791452
333.2,0.035432914,0.058938105
333.4,0.057891837,0.055224339
333.6,0.055255559,0.05442475
333.8,0.068868347,0.05693788
334,0.047274577,0.063062907
334.2,0.07281409,0.06315941
334.4,0.063099213,0.064677693
334.6,0.065587731,0.069334278
334.8,0.070141859,0.070387544
335,0.069048308,0.066288546
335.2,0.076462489,0.0613889
335.4,0.041294908,0.060392492
335.6,0.056993301,0.05605632
335.8,0.047545388,0.051462454
336,0.071716003,0.051634385
336.2,0.040388974,0.054670807
336.4,0.049955951,0.054803711
336.6,0.065388982,0.056679557
336.8,0.052906658,0.056447591
337,0.066672634,0.063172693
337.2,0.060106205,0.063626769
337.4,0.063905411,0.064574544
337.6,0.069520762,0.066964557
337.8,0.06240356,0.065121382
338,0.067351755,0.061946601
338.2,0.057046503,0.055741449
338.4,0.049785013,0.051863343
338.6,0.042160147,0.048565831
338.8,0.047143093,0.047086999
339,0.05638664,0.050057348
339.2,0.046784209,0.052538383
339.4,0.057818129,0.053649658
339.6,0.056466185,0.053741096
339.8,0.048777694,0.052125614
340,0.050445982,0.054176719
340.2,0.056000616,0.05075867
340.4,0.049946674,0.052874447
340.6,0.058055626,0.054317463
340.8,0.043304057,0.051640591
341,0.064242341,0.049365069
341.2,0.044982651,0.0512373
341.4,0.043553905,0.054903203
341.6,0.060318781,0.060236103
341.8,0.070710693,0.059037803
342,0.068299825,0.062278018
342.2,0.056179631,0.06150449
342.4,0.048052171,0.060556724
342.6,0.062981403,0.05831594
342.8,0.060422415,0.059580753
343,0.065705019,0.05296244
343.2,0.044974455,0.048267537
343.4,0.045569766,0.0448378
343.6,0.017574708,0.04585609
343.8,0.062200144,0.045486316
344,0.061803051,0.049803003
344.2,0.051694651,0.050323708
344.4,0.038227315,0.049979949
344.6,0.048914294,0.046055718
344.8,0.04032369,0.045589744
345,0.048282061,0.045556433
345.2,0.062073875,0.0492915
345.4,0.038856786,0.051203515
345.6,0.046574875,0.053630474
345.8,0.06568044,0.054859107
346,0.055815077,0.053027862
346.2,0.052135761,0.055899878
346.4,0.05528617,0.053986048
346.6,0.043313163,0.053508126
346.8,0.058339855,0.049298314
347,0.05076998,0.045522094
347.2,0.049982127,0.043434968
347.4,0.021242877,0.047622678
347.6,0.052156118,0.046885281
347.8,0.059820897,0.050650707
348,0.066493921,0.057936268
348.2,0.043766522,0.059221313
348.4,0.060242609,0.052227143
348.6,0.059455478,0.050087988
348.8,0.028442222,0.047973575
349,0.051425194,0.048268105
349.2,0.058500395,0.047551183
349.4,0.044413682,0.049687153
349.6,0.050137109,0.054662272
349.8,0.059817712,0.054485042
350,0.052943954,0.056300106
350.2,0.058972135,0.05756196
350.4,0.059724067,0.056390396
350.6,0.053182761,0.052583545
350.8,0.04549754,0.049444897
351,0.051420593,0.049564204
351.2,0.042741814,0.049291351
351.4,0.050556955,0.050542727
351.6,0.063281829,0.049462343
351.8,0.041853596,0.046620789
352,0.045759597,0.047905269
352.2,0.039582021,0.049132925
352.4,0.050863799,0.04759471
352.6,0.063536333,0.053821007
352.8,0.056315707,0.056076232
353,0.044103501,0.058178085
353.2,0.068114047,0.055538534
353.4,0.051558346,0.053551539
353.6,0.054129416,0.052204892
353.8,0.048073845,0.055477266
354,0.055087123,0.053705883
354.2,0.05204653,0.05604928
354.4,0.070607622,0.05498915
354.6,0.046443886,0.055395245
354.8,0.050331538,0.051416252
355,0.046514166,0.048845542
355.2,0.051460986,0.04302793
355.4,0.038123438,0.044376301
355.6,0.04658891,0.043980603
355.8,0.038271987,0.047784906
356,0.054777931,0.046546656
356.2,0.052186788,0.050906242
356.4,0.056321337,0.050094037
356.6,0.035609386,0.05335563
356.8,0.063308219,0.051065126
357,0.044684767,0.050942109
357.2,0.060981762,0.047082691
357.4,0.039557809,0.051576405
357.6,0.046853992,0.046737359
357.8,0.040975505,0.048320159
358,0.069366101,0.047016299
358.2,0.033013616,0.050439442
358.4,0.055177427,0.051926191
358.6,0.049981776,0.052871998
358.8,0.056162376,0.050838504
359,0.056213897,0.054039243
359.2,0.048314175,0.049917749
359.4,0.048321609,0.05067382
359.6,0.048696652,0.051415674
359.8,0.050955794,0.052648134
360,0.062302649,0.054259488
360.2,0.055829439,0.05514458
360.4,0.050491164,0.055423002
360.6,0.052538525,0.052879861
360.8,0.055908869,0.053869951
361,0.05392413,0.055223957
361.2,0.051622559,0.056763856
361.4,0.068352256,0.056881473
361.6,0.048393866,0.057184127
361.8,0.055152354,0.051477996
362,0.050065218,0.04590101
362.2,0.044207664,0.0412287
362.4,0.022882658,0.039710601
362.6,0.046660262,0.040217945
362.8,0.048668641,0.044752373
363,0.043703696,0.050955649
363.2,0.062006193,0.055652325
363.4,0.055510646,0.051221715
363.6,0.05088845,0.049857509
363.8,0.041585913,0.047699918
364,0.037994759,0.043802178
364.2,0.052330453,0.045239428
364.4,0.045286756,0.046071264
364.6,0.048795602,0.049927609
364.8,0.052564855,0.049630134
365,0.044852017,0.04781767
365.2,0.055407714,0.051201038
365.4,0.04067127,0.048864827
365.6,0.053569303,0.049429864
365.8,0.057388533,0.049181333
366,0.034983854,0.047674456
366.2,0.056425932,0.048438942
366.4,0.041753342,0.047332809
366.6,0.048193296,0.043888042
366.8,0.04739782,0.047565061
367,0.04574654,0.043818696
367.2,0.033848928,0.044137479
367.4,0.060126458,0.046645912
367.6,0.034631164,0.045964914
367.8,0.051102874,0.047324743
368,0.0586156,0.049730488
368.2,0.034258868,0.048143707
368.4,0.055360266,0.048994803
368.6,0.051793254,0.047660523
368.8,0.045039338,0.047306159
369,0.043831148,0.052766647
369.2,0.059030248,0.051241237
369.4,0.051771048,0.054308985
369.6,0.06323987,0.056008572
369.8,0.047460637,0.056503477
370,0.059926451,0.054772139
370.2,0.050187862,0.053987134
370.4,0.055306408,0.050959584
370.6,0.050262487,0.051813627
370.8,0.046116881,0.04767183
371,0.046077837,0.045629892
371.2,0.049186878,0.042319426
371.4,0.036127234,0.044499234
371.6,0.044584509,0.049125053
371.8,0.049438909,0.050597857
372,0.063669114,0.048513277
372.2,0.053451598,0.048329073
372.4,0.034738653,0.048262899
372.6,0.036923029,0.049863165
372.8,0.056637171,0.049741803
373,0.063342622,0.048524836
373.2,0.053128213,0.050175612
373.4,0.035537246,0.045010791
373.6,0.028627709,0.039032261
373.8,0.049804976,0.037925228
374,0.033024842,0.041021599
374.2,0.047936455,0.044078578
374.4,0.048074203,0.04218053
374.6,0.040434131,0.038851205
374.8,0.032847376,0.04016173
375,0.031387708,0.037106858
375.2,0.046153306,0.039280221
375.4,0.044618221,0.044573718
375.6,0.038863407,0.041736627
375.8,0.051130004,0.040365016
376,0.039175919,0.038539197
376.2,0.014488045,0.038677352
376.4,0.052499516,0.037593216
376.6,0.044457964,0.03722363
376.8,0.037771458,0.040993753
377,0.034982668,0.045155734
377.2,0.046996033,0.040794633
377.4,0.04576329,0.041959054
377.6,0.045233521,0.044951285
377.8,0.037766178,0.046367806
378,0.047396659,0.045836501
378.2,0.051610947,0.044329253
378.4,0.042668915,0.040544019
378.6,0.039882832,0.04128099
378.8,0.032136188,0.042711888
379,0.038999407,0.045153197
379.2,0.062812232,0.046755637
379.4,0.054299645,0.048318589
379.6,0.042400622,0.050811813
379.8,0.037050071,0.04679277
380,0.049117498,0.039643613
380.2,0.047120039,0.039062144
380.4,0.028241163,0.039317605
380.6,0.034758593,0.039637236
380.8,0.046106274,0.039370095
381,0.039687458,0.038510096
381.2,0.042997501,0.041950332
381.4,0.038398473,0.03773784
381.6,0.028093551,0.034803525
381.8,0.043315358,0.032908371
382,0.021749058,0.033860212
382.2,0.04019713,0.036364958
382.4,0.03360573,0.034807152
382.6,0.045214786,0.033861201
382.8,0.03071761,0.035137173
383,0.020483236,0.034149134
383.2,0.043045007,0.031028678
383.4,0.032534475,0.032761814
383.6,0.037820776,0.037303791
383.8,0.023394996,0.037436349
384,0.055371474,0.037036204
384.2,0.032633092,0.03499947
384.4,0.027202053,0.035936647
384.6,0.040939795,0.032268693
384.8,0.01893598,0.027997155
385,0.043803467,0.031503339
385.2,0.015286879,0.034228738
385.4,0.044370541,0.032201635
385.6,0.038015925,0.034099503
385.8,0.033810836,0.032011096
386,0.021565417,0.036436646
386.2,0.03770844,0.032833042
386.4,0.036595212,0.033029308
386.6,0.03929645,0.030598841
386.8,0.022746816,0.029378561
387,0.026243823,0.030095945
387.2,0.02181997,0.028242339
387.4,0.04029209,0.034194224
387.6,0.048195959,0.039209573
387.8,0.023903857,0.039967839
388,0.059019542,0.038668587
388.2,0.025451948,0.035626558
388.4,0.03102524,0.034884513
388.6,0.034291612,0.038424357
388.8,0.042404855,0.034343114
389,0.03934519,0.037075995
389.2,0.039392471,0.038247031
389.4,0.024537112,0.032835243
389.6,0.035797214,0.033471722
389.8,0.041390979,0.034289376
390,0.018887751,0.036451308
390.2,0.057603556,0.040349676
390.4,0.032375896,0.038828633
390.6,0.040771628,0.036537794
390.8,0.037412468,0.037265292
391,0.026669978,0.031708265
391.2,0.030944951,0.033253168
391.4,0.040427734,0.03289402
391.6,0.032676585,0.038765237
391.8,0.038478827,0.041667156
392,0.044315825,0.039175274
392.2,0.050051233,0.036208753
392.4,0.021795642,0.035289485
392.6,0.024271731,0.031823466
392.8,0.034577815,0.027335897
393,0.033270044,0.027641107
393.2,0.025839987,0.03054816
393.4,0.02612543,0.031953381
393.6,0.039351675,0.031438948
393.8,0.029089244,0.033141242
394,0.040375487,0.034688717
394.2,0.031055777,0.037395237
394.4,0.037989289,0.038139615
394.6,0.037662439,0.039708588
394.8,0.046837106,0.035953135
395,0.032714928,0.03359252
395.2,0.02771738,0.032630834
395.4,0.021881376,0.030092104
395.6,0.034018469,0.031499468
395.8,0.041637946,0.032154011
396,0.024361945,0.028014593
396.2,0.037099932,0.024942699
396.4,0.008841827,0.024773773
396.6,0.014604338,0.025385543
396.8,0.03895789,0.028550626
397,0.046464069,0.033909028
397.2,0.027593849,0.036970845
397.4,0.032893362,0.034445587
397.6,0.042395785,0.031193637
397.8,0.013944135,0.031137052
398,0.036184136,0.035383595
398.2,0.041163586,0.032351354
398.4,0.034326613,0.02986415
398.6,0.031082029,0.030643384
398.8,0.011687079,0.024263261
399,0.027880433,0.024237062
399.2,0.028101168,0.026873183
399.4,0.025706738,0.028020124
399.6,0.041890402,0.032593846
399.8,0.029148303,0.03461149
400,0.026469446,0.036215443
400.2,0.044246816,0.032963652
400.4,0.037958777,0.031706281
400.6,0.023022196,0.029657007
400.8,0.017403088,0.026694297
401,0.038095205,0.025543407
401.2,0.015270622,0.027083065
401.4,0.032412718,0.02747676
401.6,0.035907661,0.025064663
401.8,0.018018048,0.022957324
402,0.014702608,0.024729905
402.2,0.023013175,0.023319396
402.4,0.033851645,0.022872025
402.6,0.02581904,0.027695101
402.8,0.027890782,0.029993594
403,0.024527809,0.032249105
403.2,0.040641537,0.032046169
403.4,0.033827789,0.034955477
403.6,0.039429455,0.036182242
403.8,0.027010849,0.036421643
404,0.038124332,0.029486493
404.2,0.03033225,0.027606128
404.4,0.024177604,0.026571758
404.6,0.012512889,0.027082196
404.8,0.038593118,0.026930885
405,0.033345233,0.030629951
405.2,0.029094623,0.032782723
405.4,0.034721499,0.0341426
405.6,0.034288408,0.031025261
405.8,0.027175056,0.033189187
406,0.033793255,0.03287539
406.2,0.033106731,0.032108405
406.4,0.03671876,0.030952094
406.6,0.022832117,0.029012684
406.8,0.029468885,0.02608895
407,0.021792127,0.023722783
407.2,0.022375161,0.024226216
407.4,0.027430227,0.027046509
407.6,0.026873711,0.027885459
407.8,0.036220755,0.031405078
408,0.030233014,0.033340672
408.2,0.030901591,0.031330758
408.4,0.035797392,0.030726757
408.6,0.028473171,0.028913263
408.8,0.022076259,0.031872688
409,0.037321842,0.034425302
409.2,0.034557736,0.035206512
409.4,0.044441853,0.032560005
409.6,0.031266861,0.031956588
409.8,0.021030083,0.029026018
410,0.016339221,0.029029438
410.2,0.041468645,0.026530227
410.4,0.029652577,0.025057572
410.6,0.027247059,0.025709238
410.8,0.013663598,0.025857435
411,0.018108605,0.022441269
411.2,0.034918969,0.023164076
411.4,0.028919602,0.025082425
411.6,0.021090133,0.031699342
411.8,0.025618545,0.028201082
412,0.034364313,0.025155823
412.2,0.035346148,0.024057023
412.4,0.001443279,0.024217076
412.6,0.02984473,0.023870274
412.8,0.022704671,0.021907855
413,0.030035412,0.024971398
413.2,0.02729854,0.027918548
413.4,0.020284113,0.025339903
413.6,0.032880609,0.026994754
413.8,0.018912376,0.028119526
414,0.033276202,0.027432247
414.2,0.031375034,0.029227772
414.4,0.026959106,0.0263941
414.6,0.016012262,0.022640394
414.8,0.029075988,0.016896136
415,0.007414531,0.013799492
415.2,0.007727779,0.015929719
415.4,0.020494111,0.016415715
415.6,0.02179424,0.020383554
415.8,0.032599899,0.028362274
416,0.018171835,0.027701897
416.2,0.042718393,0.027535366
416.4,0.025985043,0.029075594
416.6,0.014830422,0.032837337
416.8,0.044563813,0.037464728
417,0.042505043,0.034798803
417.2,0.045941516,0.039348853
417.4,0.030281491,0.038402343
417.6,0.024597787,0.033005071
417.8,0.044142852,0.032945743
418,0.025175216,0.032488998
418.2,0.036617359,0.03515106
418.4,0.037687558,0.032976873
418.6,0.027093333,0.027872143
418.8,0.029001654,0.026431288
419,0.015610052,0.023850691
419.2,0.022817651,0.022250092
419.4,0.025858496,0.02217632
419.6,0.029387545,0.0233465
419.8,0.021187339,0.025760632
420,0.028925769,0.029418716
200.0,0.128822518,0.12651419499999997
200.2,0.117581519,0.12313610399999997
200.4,0.125130467,0.12071747666666664
200.6,0.121737882,0.11925831299999998
200.8,0.104534141,0.11875861299999983
201.0,0.133630268,0.11892943588744571
201.2,0.123771458,0.12121508513419896
201.4,0.111950525,0.12780255975324656
201.6,0.130452649,0.12971071939393922
201.8,0.141085146,0.12695801643722926
202.0,0.132355313,0.12501003014718598
202.2,0.10879283,0.1262024975800864
202.4,0.123100325,0.12145345321212103
202.6,0.116538664,0.11958930610389593
202.8,0.138727201,0.12522012204761887
203.0,0.120261426,0.1329805400043288
203.2,0.136506504,0.1371658039047617
203.4,0.148749106,0.14143700850216429
203.6,0.142716828,0.14348230446753224
203.8,0.143931105,0.1430382878051946
204.0,0.139663754,0.1399001383982682
204.2,0.139808493,0.13773650351948033
204.4,0.122807601,0.13646845756709935
204.6,0.145585525,0.13211778789177472
204.8,0.135936609,0.13339563122510806
205.0,0.127313686,0.13704295848051928
205.2,0.127690456,0.13718099204761885
205.4,0.151461668,0.13221400062770544
205.6,0.136033055,0.12807217301731583
205.8,0.112527473,0.1281584683809522
206.0,0.120963624,0.12569802775324657
206.2,0.120427919,0.12258693742857127
206.4,0.143234033,0.12690443351515135
206.6,0.12549451,0.13201432562770543
206.8,0.131785901,0.1372345343939392
207.0,0.138379326,0.13691746319480502
207.2,0.139472737,0.137723153229437
207.4,0.149355142,0.1384902934891773
207.6,0.123127078,0.14087438093939375
207.8,0.147791351,0.13858906665367945
208.0,0.129152281,0.13614813504761886
208.2,0.151404373,0.13512952006060588
208.4,0.120679514,0.13623405419913404
208.6,0.133070831,0.13041672871428553
208.8,0.136182272,0.1301886443809522
209.0,0.126493039,0.12865275961038944
209.2,0.124478391,0.13353241273593056
209.4,0.137174345,0.13084917434632015
209.6,0.136508982,0.1290679658744587
209.8,0.132413648,0.1335800472813851
210.0,0.121607061,0.13637393503030282
210.2,0.136779487,0.13397672451515133
210.4,0.153352463,0.13589660755844135
210.6,0.133864677,0.1414301502813851
210.8,0.128283969,0.1430643026883115
211.0,0.15145121,0.13804002438961022
211.2,0.148744447,0.13974925837229418
211.4,0.127678583,0.1421466332943721
211.6,0.136114397,0.1445067344935063
211.8,0.161345913,0.14042413371428553
212.0,0.132901682,0.14183423232467512
212.2,0.148765256,0.14484493435930718
212.4,0.130965845,0.14404950926406906
212.6,0.148813364,0.13736367021645002
212.8,0.142232286,0.13905228281818163
213.0,0.137077707,0.13848086662770542
213.2,0.12240699,0.13791303328571408
213.4,0.149314882,0.13770479402597383
213.6,0.141546312,0.13724958875324655
213.8,0.128910802,0.13484549215584396
214.0,0.144501068,0.13372622160173142
214.2,0.119808909,0.13224857993073574
214.4,0.128081582,0.13483989857142836
214.6,0.14414396,0.1373510855064933
214.8,0.14852548,0.1359009436796535
215.0,0.133966431,0.14076752914718593
215.2,0.133242656,0.1388933683766232
215.4,0.13293799,0.13583869480519462
215.6,0.146829804,0.13419956205627687
215.8,0.130531805,0.13601079471861455
216.0,0.136399567,0.13900152921212103
216.2,0.136470212,0.140625893186147
216.4,0.14635015,0.1421416210303028
216.6,0.15167586,0.14602385316883099
216.8,0.141754593,0.14714464077056258
217.0,0.147153743,0.1449345902987011
217.2,0.143429348,0.14389121667532448
217.4,0.14346633,0.14292766327705608
217.6,0.136477554,0.1438972617878786
217.8,0.152684386,0.14237640330735912
218.0,0.140747069,0.1443157346883115
218.2,0.1441292,0.14542564315584394
218.4,0.142287709,0.14674766944588724
218.6,0.153123577,0.14555594178354958
218.8,0.143198269,0.14423688852380934
219.0,0.143969352,0.14167879974025954
219.2,0.138519287,0.14038847942857122
219.4,0.131729129,0.1391747511038959
219.6,0.144323609,0.14019571895670974
219.8,0.146392278,0.14292190104328983
220.0,0.145197642,0.1467127245887444
220.2,0.144867557,0.14976638922510802
220.4,0.154759578,0.14836044724675307
220.6,0.148864347,0.14708966894805175
220.8,0.147033358,0.14726357866666645
221.0,0.141739716,0.14916620085714266
221.2,0.148625511,0.1507223506839825
221.4,0.158051021,0.1527689401125539
221.6,0.160639473,0.15505655189610368
221.8,0.153042721,0.155054203199134
222.0,0.148415722,0.15429200743290022
222.2,0.154397385,0.15158157203896083
222.4,0.14769307,0.14750916437662318
222.6,0.155161622,0.14864278244155826
222.8,0.143126193,0.1522951020909089
223.0,0.144647362,0.15340817864502143
223.2,0.167610831,0.15344550532900408
223.4,0.16169109,0.1529702140216448
223.6,0.145682027,0.15759188605627683
223.8,0.147565068,0.15637289797402576
224.0,0.161216356,0.1544880115021643
224.2,0.167626457,0.15617537956277033
224.4,0.146751912,0.15756354626406904
224.6,0.160170495,0.15685322174025954
224.8,0.154120717,0.15542908662770544
225.0,0.154626059,0.15969506148051926
225.2,0.163415147,0.16115725769696948
225.4,0.165614747,0.16097456245021624
225.6,0.169731709,0.16117016169696946
225.8,0.14269307,0.16077033263636342
226.0,0.166462621,0.15885326292640672
226.2,0.156957559,0.15780545532034612
226.4,0.163016864,0.15995088357575737
226.6,0.15898376,0.1632771468051946
226.8,0.161770487,0.15959601660173137
227.0,0.167992639,0.1644997241255409
227.2,0.157928445,0.16514788361038937
227.4,0.162834098,0.16500082324675303
227.6,0.182511412,0.16558053152813834
227.8,0.155621683,0.1670614623549781
228.0,0.163875098,0.17125305776190453
228.2,0.177005318,0.17322582351082227
228.4,0.176133907,0.16976129416450192
228.6,0.176100846,0.17313398848917724
228.8,0.166037705,0.1661681314112552
229.0,0.151713572,0.1610054540086578
229.2,0.170539412,0.16245527459307335
229.4,0.147954768,0.16513366706926386
229.6,0.178175638,0.16733473503030277
229.8,0.181685528,0.1701313331385279
230.0,0.164345943,0.16867833730303006
230.2,0.159232625,0.17159755472727248
230.4,0.170742792,0.16430489172727247
230.6,0.166073702,0.163156827225108
230.8,0.16972308,0.16377949639826817
231.0,0.151267777,0.16627891312121187
231.2,0.173061246,0.16794719615151493
231.4,0.167242793,0.16991934222077898
231.6,0.183085069,0.17192882871861445
231.8,0.17303675,0.17638770268831144
232.0,0.16837369,0.17639346722510796
232.2,0.178168635,0.17737463869264042
232.4,0.182163931,0.1739539529653677
232.6,0.176664608,0.17417252223809498
232.8,0.170351239,0.17664677522510797
233.0,0.168657242,0.17724461138095213
233.2,0.184500266,0.1803213634588742
233.4,0.193231012,0.18513076383116858
233.6,0.183635675,0.18708375251082227
233.8,0.189277888,0.18891285996103868
234.0,0.18459469,0.18592957085281359
234.2,0.177786685,0.1796998429393937
234.4,0.187675278,0.1773919625108223
234.6,0.169110008,0.17593186686580062
234.8,0.163916126,0.17369104642424216
235.0,0.184110994,0.1739402996190474
235.2,0.180511261,0.1772788158614716
235.4,0.170182009,0.18391190633333304
235.6,0.189366765,0.18464788363203438
235.8,0.193279772,0.18084638859307334
236.0,0.178137568,0.17873240830303005
236.2,0.166008714,0.17656041856277033
236.4,0.171078847,0.17289187291341968
236.6,0.1733616,0.16956494906493483
236.8,0.176226731,0.1744500540562768
237.0,0.176678291,0.1740958467445885
237.2,0.166883084,0.17540764881385257
237.4,0.188073309,0.17519634927705602
237.6,0.161825879,0.177628714246753
237.8,0.190773962,0.1813403675324673
238.0,0.176800731,0.18304960010389584
238.2,0.190889585,0.18045068772727246
238.4,0.182004962,0.18252074368831142
238.6,0.171696057,0.17902032935497814
238.8,0.176106962,0.17957420597835472
239.0,0.184368338,0.17696551214718592
239.2,0.179651162,0.17777021012121186
239.4,0.177787975,0.1807399216320344
239.6,0.175685992,0.1823608571515149
239.8,0.182786031,0.1781114197532465
240.0,0.188167198,0.17545094819047594
240.2,0.178096018,0.18404145937662308
240.4,0.163442032,0.18661610730735906
240.6,0.195226451,0.18998516712986985
240.8,0.225516514,0.19093227382683958
241.0,0.171750513,0.19413967860606032
241.2,0.195330618,0.1942255367965365
241.4,0.181429808,0.18833852143722918
241.6,0.194802804,0.1854734211645019
241.8,0.189417384,0.19266222866666638
242.0,0.194063296,0.19449110150649324
242.2,0.19644166,0.19790600663636337
242.4,0.203807609,0.2028412896753244
242.6,0.208932471,0.2091314146926404
242.8,0.203219687,0.20843240166666638
243.0,0.221749168,0.20712276954978326
243.2,0.200858251,0.20094171822077894
243.4,0.183700565,0.19479135461038932
243.6,0.196548368,0.19232443484415557
243.8,0.18335462,0.18947991940259712
244.0,0.196685672,0.19723231658874432
244.2,0.205315653,0.19911305739826812
244.4,0.200280777,0.19993547254545427
244.6,0.210168844,0.20266819144588716
244.8,0.181165208,0.1971551575800863
245.0,0.206304229,0.19685649378354952
245.2,0.196739381,0.19514200358874428
245.4,0.185351042,0.19399409559307332
245.6,0.212293933,0.20239393880519452
245.8,0.190220954,0.20143837413852783
246.0,0.210651078,0.2092384709870127
246.2,0.226058989,0.21421789177056247
246.4,0.199527312,0.21127353070995641
246.6,0.228101836,0.21360979639393912
246.8,0.204346932,0.21399562782683954
247.0,0.20276045,0.21259909751515121
247.2,0.224814277,0.21624062764502136
247.4,0.22615179,0.21712435935497804
247.6,0.206982983,0.2184461075714283
247.8,0.223189385,0.2196933835974023
248.0,0.221123264,0.21541795330302999
248.2,0.203941352,0.2170197364891772
248.4,0.229022493,0.21891233499134172
248.6,0.20981511,0.21587714683982653
248.8,0.225544548,0.21635287839393913
249.0,0.209629746,0.2149433703896101
249.2,0.210442691,0.21310436214285683
249.4,0.216300471,0.21212575448484816
249.6,0.207551181,0.21397842747619017
249.8,0.224158003,0.2161607070779218
250.0,0.206958452,0.21741290237662309
250.2,0.233285452,0.2158913715151512
250.4,0.206870589,0.2169477177922075
250.6,0.221415775,0.22032094303030275
250.8,0.217204512,0.228021372290043
251.0,0.239111915,0.23474687229437197
251.2,0.253041326,0.24338109887445852
251.4,0.248839261,0.24793228525973993
251.6,0.254800364,0.25476690557142817
251.8,0.246604571,0.25873819849783514
252.0,0.270188597,0.2668661415584412
252.2,0.283301189,0.2775410236753243
252.4,0.290213758,0.2889656990995667
252.6,0.308011821,0.31024699660606014
252.8,0.316550363,0.3261228865108221
253.0,0.346087897,0.34658928222077867
253.2,0.387244958,0.3659444128095233
253.4,0.37345009,0.3882473452813847
253.6,0.409757938,0.40836855896969637
253.8,0.418538208,0.4252599030043284
254.0,0.455837128,0.4435086211515145
254.2,0.454865222,0.4622557067792201
254.4,0.478854129,0.4753248332683976
254.6,0.493461371,0.4880540363982678
254.8,0.488960535,0.4992129982164495
255.0,0.516042763,0.5148092548961032
255.2,0.523253281,0.52490512673593
255.4,0.54376691,0.5380163321471854
255.6,0.549245303,0.5477567723636356
255.8,0.546583645,0.5529334276839819
256.0,0.563966802,0.5564131120432892
256.2,0.549339159,0.5541551025238087
256.4,0.561968921,0.5598619148571421
256.6,0.553410306,0.5611543552034624
256.8,0.553902891,0.5569006651125534
257.0,0.577449735,0.5508357870476183
257.2,0.532179481,0.5430799491471854
257.4,0.528294673,0.5377816690865793
257.6,0.524667506,0.5324964199740252
257.8,0.539914165,0.530398800645021
258.0,0.534607614,0.5340497794328998
258.2,0.53363239,0.5296417010259733
258.4,0.531422516,0.5267373004891767
258.6,0.510133726,0.5220542719004322
258.8,0.50940969,0.5141992622034625
259.0,0.525593593,0.5113631892207785
259.2,0.507464197,0.5071708709393933
259.4,0.488995875,0.5046264435238089
259.6,0.51481119,0.49717647320779157
259.8,0.485874348,0.49419284403896035
260.0,0.490504868,0.4954333129653673
260.2,0.486579254,0.4885533942770556
260.4,0.502985564,0.4809013548787872
260.6,0.473874663,0.480378771679653
260.8,0.453557106,0.4768430892640686
261.0,0.486632354,0.47648889414285645
261.2,0.479758221,0.4726309911515144
261.4,0.475237509,0.474784435636363
261.6,0.474682601,0.471224323714285
261.8,0.453617461,0.4633465974632028
262.0,0.46154715,0.4580836552640686
262.2,0.449211773,0.45088352472294313
262.4,0.457126242,0.4483755410043284
262.6,0.439876085,0.449988346662337
262.8,0.440188032,0.44654063759307294
263.0,0.458676811,0.44653672665800803
263.2,0.446566663,0.4424355054242418
263.4,0.431220629,0.44017857883116823
263.6,0.439030941,0.4334897835411249
263.8,0.422963176,0.4266981589567094
264.0,0.427091983,0.42697992037662275
264.2,0.422453235,0.43010022716883056
264.4,0.431293817,0.42603132495670937
264.6,0.433776426,0.4256033688701293
264.8,0.423489333,0.418610799619047
265.0,0.397948414,0.41369659346753185
265.2,0.415013555,0.4103628200909085
265.4,0.397125532,0.40447925788311634
265.6,0.414813138,0.40417525530735876
265.8,0.408255004,0.40175195674891717
266.0,0.38338322,0.39707647303896043
266.2,0.401675397,0.39598371993073533
266.4,0.382808176,0.3890318517489172
266.6,0.39765573,0.3900061036969692
266.8,0.388098601,0.38922445452380894
267.0,0.377742443,0.3817438406233761
267.2,0.393518327,0.38318229287878736
267.4,0.366657448,0.37796153125973975
267.6,0.373372173,0.3781421166623371
267.8,0.393849836,0.3783084900129865
268.0,0.363787246,0.37454966318181765
268.2,0.38111872,0.37581399574458824
268.4,0.369258362,0.36865485450649305
268.6,0.360192412,0.36400039248484795
268.8,0.365018161,0.3603822217056272
269.0,0.347749535,0.35316886340692594
269.2,0.362988549,0.3557515664285709
269.4,0.340384305,0.3552609511645017
269.6,0.358846816,0.35182311796969645
269.8,0.369526133,0.35321440148917693
270.0,0.337586097,0.35271594103463155
270.2,0.344889238,0.3531402741774887
270.4,0.36142658,0.35021907200865754
270.6,0.351506293,0.3483024570303025
270.8,0.341571365,0.3483129666926402
271.0,0.347514048,0.342867219406926
271.2,0.334230556,0.3329319678138523
271.4,0.328190726,0.3317301782727269
271.6,0.328759686,0.3299810499826835
271.8,0.32011535,0.327491065428571
272.0,0.345525326,0.3302624320259736
272.2,0.324301084,0.3310059428744584
272.4,0.329648553,0.33411893844588697
272.6,0.337688252,0.33394246634631986
272.8,0.327392629,0.3299729535411251
273.0,0.33710706,0.3258974627186143
273.2,0.312198789,0.31675630375757524
273.4,0.311607326,0.3105535266753242
273.6,0.295718663,0.30662376545454495
273.8,0.305346906,0.30386822859307316
274.0,0.317181534,0.3109410793419909
274.2,0.307752364,0.31253385759740215
274.4,0.315783769,0.3147147535627701
274.6,0.323145369,0.3092204639437225
274.8,0.293935227,0.30446066443722897
275.0,0.303085432,0.3041442617142853
275.2,0.292482208,0.3020737041082247
275.4,0.30981699,0.301685108424242
275.6,0.311226667,0.30501150751515116
275.8,0.299625523,0.3020111576926403
276.0,0.298228696,0.3001030711948048
276.2,0.295247192,0.29497232549783503
276.4,0.288397764,0.2929890758831165
276.6,0.294711746,0.29238199083116845
276.8,0.290544713,0.2892052271731598
277.0,0.288409619,0.28112784366666627
277.2,0.278650911,0.27953057929870095
277.4,0.269401954,0.27853530099999957
277.6,0.265784193,0.2801301067316013
277.8,0.303380476,0.2823822063073589
278.0,0.285925251,0.28454322080952343
278.2,0.281619186,0.2840755593419909
278.4,0.276138027,0.2779106616926403
278.6,0.269606476,0.26830822958008615
278.8,0.264738239,0.2659467696709953
279.0,0.26008852,0.2666326811082247
279.2,0.268759071,0.26798627929870095
279.4,0.269337641,0.26661912782251046
279.6,0.27377782,0.262958740341991
279.8,0.255503219,0.257111324294372
280.0,0.242653849,0.2529060972251079
280.2,0.245177403,0.2489778746190473
280.4,0.248102504,0.2450415012207789
280.6,0.257598761,0.24708136652813817
280.8,0.238977333,0.24402633649783512
281.0,0.237422843,0.24063886054978323
281.2,0.243743836,0.23660354543290008
281.4,0.223345334,0.23506613985714253
281.6,0.243159061,0.2374422106363633
281.8,0.236812868,0.23720984568831133
282.0,0.243898975,0.23921532539826806
282.2,0.238844757,0.24533047288744553
282.4,0.238717566,0.24104883542424205
282.6,0.251029156,0.24300144649783514
282.8,0.244410565,0.2392620836147183
283.0,0.221112206,0.237686578333333
283.2,0.247806168,0.23385245744588712
283.4,0.219782308,0.22741299459307326
283.6,0.234268649,0.22955315705627677
283.8,0.22321135,0.2305138968095235
284.0,0.223987502,0.22483361351948022
284.2,0.241970185,0.22391688558008627
284.4,0.212724442,0.22267563978354948
284.6,0.213286242,0.22420398177489145
284.8,0.223345786,0.22242447964069234
285.0,0.235641192,0.22125455445021613
285.2,0.221276597,0.22323724028571396
285.4,0.214936359,0.22101551339393907
285.6,0.221829648,0.21950076039393907
285.8,0.214557226,0.22079841443290013
286.0,0.223959127,0.2251404694372291
286.2,0.233114039,0.22553142897402567
286.4,0.229163435,0.22478558530303
286.6,0.217080828,0.21988492325108194
286.8,0.208121461,0.21423034283549758
287.0,0.212577269,0.20574139692640664
287.2,0.194204692,0.201337077268398
287.4,0.207537557,0.19884426541558414
287.6,0.189087232,0.19837342823376597
287.8,0.202935237,0.2002336897835495
288.0,0.199730685,0.20326672852813826
288.2,0.207889278,0.20415817690476162
288.4,0.208422682,0.20063629090476165
288.6,0.194746253,0.1970066076753244
288.8,0.193837209,0.1947173215584413
289.0,0.174163902,0.19294593197835472
289.2,0.207141793,0.1910716058658006
289.4,0.192294543,0.18849991150649326
289.6,0.190146955,0.18535166669696942
289.8,0.174615103,0.18430886665800839
290.0,0.17343552,0.17951884342424218
290.2,0.186191379,0.18349057225973997
290.4,0.192022094,0.18955520283982658
290.6,0.192961903,0.19327582694372267
290.8,0.199790399,0.19535364522077897
291.0,0.194767672,0.1912638659437227
291.2,0.178591074,0.18862543676190446
291.4,0.191179477,0.1866576947792205
291.6,0.175871341,0.18277974651515125
291.8,0.188759148,0.17910388990043263
292.0,0.17942772,0.1762519460216448
292.2,0.167477702,0.17364010248917722
292.4,0.167121107,0.17460177408657984
292.6,0.175591422,0.17590802249350623
292.8,0.184281493,0.17470696533333308
293.0,0.17719049,0.17381245467532444
293.2,0.174644013,0.17073176808225082
293.4,0.149333464,0.16767917696969675
293.6,0.169606487,0.16567109487445864
293.8,0.169274492,0.16595277346753223
294.0,0.172260125,0.16660845417748893
294.2,0.165838504,0.1686155348051946
294.4,0.162064066,0.1632610387489175
294.6,0.161786713,0.16352848466666645
294.8,0.161724096,0.16027173645454523
295.0,0.157228663,0.1611125284891773
295.2,0.170234963,0.15985122705627686
295.4,0.14736587,0.15867537255844133
295.6,0.165373409,0.15737405544588723
295.8,0.149702525,0.15485585795670975
296.0,0.15622099,0.15343842135930713
296.2,0.15178352,0.15180893897835476
296.4,0.147955446,0.14885265326839806
296.6,0.154596826,0.151190563233766
296.8,0.139303732,0.15181797872727248
297.0,0.159588653,0.15273536916883093
297.2,0.155792674,0.15002026484848463
297.4,0.146482917,0.14132306605194783
297.6,0.136011856,0.13597331833766213
297.8,0.123774498,0.13489404106493488
298.0,0.123447308,0.13999421521645
298.2,0.154164408,0.14299729532900413
298.4,0.169823198,0.14659556020346298
298.6,0.146927282,0.15020108824242404
298.8,0.129385339,0.15150362464069245
299.0,0.147462908,0.14554254524242402
299.2,0.153166356,0.1429650675151513
299.4,0.150776734,0.14483363087878767
299.6,0.133659195,0.14437905833333314
299.8,0.140930129,0.14066318742424222
300.0,0.135203738,0.13268896815584394
300.2,0.133044806,0.13007340299567083
300.4,0.130616675,0.1285416960086578
300.6,0.108836244,0.12173041750216432
300.8,0.135493454,0.12182949467965351
301.0,0.119033523,0.12551623700865783
301.2,0.117365108,0.12928710112554098
301.4,0.146621185,0.13221563276623358
301.6,0.138276326,0.1311060802683981
301.8,0.124594775,0.13095626784848466
302.0,0.124127655,0.1319248894588743
302.2,0.131624486,0.1279223916839825
302.4,0.123834661,0.1292648229870128
302.6,0.142794418,0.12541455154545436
302.8,0.118771521,0.1256398313896102
303.0,0.121597179,0.12558244050216433
303.2,0.108602099,0.12587217642424225
303.4,0.146295919,0.12111337309523793
303.6,0.124338261,0.12251749929437211
303.8,0.11560453,0.12173512671861454
304.0,0.109315108,0.12330406384848469
304.2,0.127545055,0.12103436713419896
304.4,0.127123796,0.12463725630735914
304.6,0.130645461,0.12440813335064918
304.8,0.119046937,0.11801213644155828
305.0,0.108230875,0.1090861563506492
305.2,0.099052265,0.1032859896406925
305.4,0.092749159,0.09953386198268384
305.6,0.108174096,0.10348429798701284
305.8,0.109151949,0.11105960521212105
306.0,0.113672675,0.11525938544155828
306.2,0.12678818,0.11623110679653664
306.4,0.117457734,0.11364243613852798
306.6,0.099293793,0.11117741088311672
306.8,0.106222947,0.10731587798701284
307.0,0.109303297,0.10532843645454532
307.2,0.107127466,0.10756133313852799
307.4,0.107699395,0.1091891069567098
307.6,0.114092933,0.1108564989523808
307.8,0.109087614,0.1125187165454544
308.0,0.106430691,0.11011327604761889
308.2,0.118414712,0.10524524162337646
308.4,0.100774697,0.10085983968398254
308.6,0.085063458,0.09539421580952367
308.8,0.093200492,0.09614062410822498
309.0,0.098867648,0.0947227457186146
309.2,0.092187788,0.09596962387012974
309.4,0.115293868,0.09873704277922063
309.6,0.085001767,0.09700290968398255
309.8,0.090061969,0.09465091835497821
310.0,0.100961604,0.09363558806493494
310.2,0.088690909,0.08811110519047607
310.4,0.090384908,0.09110394150216437
310.6,0.091739024,0.09353236959307346
310.8,0.08486507,0.09320278069264057
311.0,0.107572057,0.09894616005194791
311.2,0.10761881,0.10258647388744574
311.4,0.093009713,0.104631272151515
311.6,0.11360739,0.10459409980952367
311.8,0.099185797,0.09905792676190461
312.0,0.095178108,0.0942780926320345
312.2,0.091505014,0.09614156541558427
312.4,0.08734042,0.09041059919913408
312.6,0.090975629,0.09164970558874447
312.8,0.108920816,0.092921739138528
313.0,0.077361012,0.09630087167965354
313.2,0.103235679,0.09795182294805181
313.4,0.098821579,0.0974189627532466
313.6,0.102375472,0.09574372246320334
313.8,0.091036066,0.09601754530735918
314.0,0.092022096,0.09341689151082237
314.2,0.09047112,0.0913906350216449
314.4,0.088239606,0.0903664116233765
314.6,0.101287219,0.08979179235930723
314.8,0.081854844,0.09220726395238082
315.0,0.093584318,0.09443626350216437
315.2,0.090592719,0.09486098105194792
315.4,0.106769252,0.0911361075324674
315.6,0.088380128,0.0880169759090908
315.8,0.08123102,0.08918782700432888
316.0,0.075836386,0.08588943761904749
316.2,0.086186789,0.08472042405194793
316.4,0.110623794,0.08722010125974013
316.6,0.068332381,0.08676402729870117
316.8,0.094503671,0.08956724274891763
317.0,0.082602088,0.08756237483549772
317.2,0.085901842,0.08874521776623365
317.4,0.105107298,0.09495744851082238
317.6,0.085057036,0.09256663632034619
317.8,0.099155659,0.08946122117316005
318.0,0.082331937,0.08543775629437217
318.2,0.077486192,0.07934837924675314
318.4,0.070640382,0.07982023721645011
318.6,0.08579713,0.07546502516883105
318.8,0.076240245,0.07855357209523799
319.0,0.084132495,0.08141229901731589
319.2,0.071940887,0.0820107254199133
319.4,0.092468724,0.08222675716017305
319.6,0.082836509,0.08303536128571418
319.8,0.077771048,0.0808983493160172
320.0,0.087952403,0.08462864433333321
320.2,0.077640415,0.08564687274458863
320.4,0.085654627,0.08981845809956698
320.6,0.10463741,0.08758181854978343
320.8,0.088194071,0.08838130571428558
321.0,0.082745299,0.09084550895238082
321.2,0.072663637,0.08837280428138516
321.4,0.104786295,0.08333554254978343
321.6,0.085115268,0.07896519183982673
321.8,0.071944315,0.07971069717748908
322.0,0.068200194,0.08062508796969686
322.2,0.070331952,0.07721398398701287
322.4,0.100428089,0.07751109913419904
322.6,0.077420143,0.07340707765800855
322.8,0.063975201,0.06857303703463194
323.0,0.053859542,0.06489575452380943
323.2,0.053689536,0.05846821497402589
323.4,0.072744049,0.0648158091861471
323.6,0.076415029,0.07195560214718605
323.8,0.066472649,0.07698339335930725
324.0,0.089468908,0.07669808428571417
324.2,0.074306831,0.07415584347186137
324.4,0.068498744,0.07458569907792198
324.6,0.067191661,0.07514650186580077
324.8,0.078416993,0.07050803671861461
325.0,0.077966084,0.06998217234632026
325.2,0.067524989,0.07087063306493496
325.4,0.06093088,0.07193809222943713
325.6,0.071293848,0.07170900256709947
325.8,0.081353148,0.07250457434632024
326.0,0.07586527,0.07251791897402587
326.2,0.068372222,0.0692566475021644
326.4,0.062814023,0.06757792760173151
326.6,0.058483372,0.06213385935064926
326.8,0.061598255,0.060248622264069185
327.0,0.074234409,0.06154449746753238
327.2,0.047040982,0.06193481212121203
327.4,0.066180499,0.06235808109523801
327.6,0.069454195,0.06462437733333323
327.8,0.062257113,0.07035918555844145
328.0,0.073009487,0.07481011565367954
328.2,0.0842952,0.07585312702164491
328.4,0.081572231,0.07475186485281375
328.6,0.058259585,0.0714794408008657
328.8,0.075456147,0.0659138867056276
329.0,0.054183941,0.06096436365367956
329.2,0.057373125,0.06008024165800858
329.4,0.063035276,0.058692601233766156
329.6,0.059335789,0.057787581090909014
329.8,0.058089422,0.05625635685281377
330.0,0.048051001,0.053783256346320266
330.2,0.064175319,0.05407653875757568
330.4,0.041743118,0.05872610551948043
330.6,0.068662951,0.06522537144588736
330.8,0.075923323,0.07040275009090899
331.0,0.078894053,0.07362315574025965
331.2,0.075099804,0.07756760142857133
331.4,0.067713335,0.07299295569696959
331.6,0.075179195,0.07079140508658
331.8,0.067188326,0.06869306634199124
332.0,0.06418486,0.0658727033896103
332.2,0.069789777,0.06442674658874449
332.4,0.061273017,0.06698025248051938
332.6,0.058892268,0.06477165993939385
332.8,0.070673745,0.06224401624675316
333.0,0.07365943,0.057791452428571345
333.2,0.035432914,0.058938105350649264
333.4,0.057891837,0.05522433860606053
333.6,0.055255559,0.05442474990476183
333.8,0.068868347,0.056937880376623284
334.0,0.047274577,0.06306290678787871
334.2,0.07281409,0.06315941047186138
334.4,0.063099213,0.06467769293073583
334.6,0.065587731,0.06933427752380944
334.8,0.070141859,0.07038754415151505
335.0,0.069048308,0.06628854564069256
335.2,0.076462489,0.06138889993506484
335.4,0.041294908,0.060392491943722856
335.6,0.056993301,0.056056319779220695
335.8,0.047545388,0.0514624535757575
336.0,0.071716003,0.05163438496103889
336.2,0.040388974,0.0546708071688311
336.4,0.049955951,0.05480371079653672
336.6,0.065388982,0.05667955700865793
336.8,0.052906658,0.0564475908874458
337.0,0.066672634,0.06317269308658
337.2,0.060106205,0.06362676912121204
337.4,0.063905411,0.06457454385281376
337.6,0.069520762,0.06696455696536788
337.8,0.06240356,0.06512138205627696
338.0,0.067351755,0.061946600545454464
338.2,0.057046503,0.055741448575757496
338.4,0.049785013,0.05186334349783543
338.6,0.042160147,0.04856583117316011
338.8,0.047143093,0.04708699892207785
339.0,0.05638664,0.05005734834199127
339.2,0.046784209,0.05253838345454538
339.4,0.057818129,0.053649657748917674
339.6,0.056466185,0.05374109646320339
339.8,0.048777694,0.05212561383116876
340.0,0.050445982,0.05417671932034625
340.2,0.056000616,0.05075866998268391
340.4,0.049946674,0.05287444713852806
340.6,0.058055626,0.054317463264069187
340.8,0.043304057,0.05164059102597396
341.0,0.064242341,0.04936506900865793
341.2,0.044982651,0.05123730026839819
341.4,0.043553905,0.05490320346320338
341.6,0.060318781,0.060236102835497754
341.8,0.070710693,0.05903780259307351
342.0,0.068299825,0.0622780182900432
342.2,0.056179631,0.06150448959740251
342.4,0.048052171,0.06055672422943715
342.6,0.062981403,0.05831593961904754
342.8,0.060422415,0.0595807534718614
343.0,0.065705019,0.05296244035930729
343.2,0.044974455,0.04826753691774885
343.4,0.045569766,0.044837799753246685
343.6,0.017574708,0.04585608959307353
343.8,0.062200144,0.04548631580952374
344.0,0.061803051,0.04980300273160166
344.2,0.051694651,0.050323707619047545
344.4,0.038227315,0.04997994866233759
344.6,0.048914294,0.04605571782683976
344.8,0.04032369,0.04558974442424236
345.0,0.048282061,0.04555643280519474
345.2,0.062073875,0.04929149974891768
345.4,0.038856786,0.05120351513419906
345.6,0.046574875,0.05363047361471854
345.8,0.06568044,0.05485910661038954
346.0,0.055815077,0.053027861939393864
346.2,0.052135761,0.055899878303030226
346.4,0.05528617,0.05398604810389603
346.6,0.043313163,0.05350812582251075
346.8,0.058339855,0.049298314229437167
347.0,0.05076998,0.04552209360173154
347.2,0.049982127,0.043434968168831106
347.4,0.021242877,0.0476226781601731
347.6,0.052156118,0.046885281012986946
347.8,0.059820897,0.05065070682251075
348.0,0.066493921,0.057936268220779144
348.2,0.043766522,0.05922131303896096
348.4,0.060242609,0.05222714289610382
348.6,0.059455478,0.0500879881601731
348.8,0.028442222,0.047973574753246685
349.0,0.051425194,0.048268104510822446
349.2,0.058500395,0.047551183354978294
349.4,0.044413682,0.049687153155844085
349.6,0.050137109,0.05466227209956702
349.8,0.059817712,0.05448504193073586
350.0,0.052943954,0.05630010586580079
350.2,0.058972135,0.05756196041991335
350.4,0.059724067,0.05639039606060599
350.6,0.053182761,0.05258354464935057
350.8,0.04549754,0.049444896761904694
351.0,0.051420593,0.04956420441558435
351.2,0.042741814,0.049291350922077856
351.4,0.050556955,0.05054272698701292
351.6,0.063281829,0.04946234273160166
351.8,0.041853596,0.04662078947186141
352.0,0.045759597,0.04790526893506487
352.2,0.039582021,0.04913292546320339
352.4,0.050863799,0.04759471028138522
352.6,0.063536333,0.05382100676623369
352.8,0.056315707,0.056076232069263994
353.0,0.044103501,0.05817808476190468
353.2,0.068114047,0.05553853436363629
353.4,0.051558346,0.05355153855844148
353.6,0.054129416,0.05220489183116875
353.8,0.048073845,0.05547726564502156
354.0,0.055087123,0.053705882909090834
354.2,0.05204653,0.05604927970995663
354.4,0.070607622,0.05498915001298693
354.6,0.046443886,0.05539524519913412
354.8,0.050331538,0.05141625160606053
355.0,0.046514166,0.04884554249783543
355.2,0.051460986,0.04302793017748911
355.4,0.038123438,0.044376301320346256
355.6,0.04658891,0.04398060339393933
355.8,0.038271987,0.04778490645454539
356.0,0.054777931,0.0465466564632034
356.2,0.052186788,0.050906242476190404
356.4,0.056321337,0.05009403711255404
356.6,0.035609386,0.053355629562770485
356.8,0.063308219,0.05106512562337655
357.0,0.044684767,0.05094210945887438
357.2,0.060981762,0.0470826907662337
357.4,0.039557809,0.05157640473160166
357.6,0.046853992,0.04673735903463197
357.8,0.040975505,0.04832015859307352
358.0,0.069366101,0.047016299246753185
358.2,0.033013616,0.0504394421688311
358.4,0.055177427,0.05192619084415577
358.6,0.049981776,0.052871998367965294
358.8,0.056162376,0.050838503640692576
359.0,0.056213897,0.05403924323809517
359.2,0.048314175,0.04991774945887439
359.4,0.048321609,0.05067381979653672
359.6,0.048696652,0.05141567415584408
359.8,0.050955794,0.0526481335757575
360.0,0.062302649,0.05425948765800859
360.2,0.055829439,0.05514458016883109
360.4,0.050491164,0.055423001900432825
360.6,0.052538525,0.052879860649350574
360.8,0.055908869,0.05386995131168823
361.0,0.05392413,0.05522395674458867
361.2,0.051622559,0.05676385616450209
361.4,0.068352256,0.056881472636363554
361.6,0.048393866,0.05718412721212113
361.8,0.055152354,0.05147799613852807
362.0,0.050065218,0.045901010051947994
362.2,0.044207664,0.04122869961038955
362.4,0.022882658,0.03971060081385276
362.6,0.046660262,0.04021794544588739
362.8,0.048668641,0.04475237251948046
363.0,0.043703696,0.05095564894805188
363.2,0.062006193,0.05565232509523802
363.4,0.055510646,0.051221715030302956
363.6,0.05088845,0.04985750914718608
363.8,0.041585913,0.04769991793073586
364.0,0.037994759,0.04380217767532461
364.2,0.052330453,0.045239428437229376
364.4,0.045286756,0.04607126448484842
364.6,0.048795602,0.049927608748917676
364.8,0.052564855,0.04963013429004322
365.0,0.044852017,0.04781767037662331
365.2,0.055407714,0.05120103838095231
365.4,0.04067127,0.048864826883116816
365.6,0.053569303,0.049429863809523744
365.8,0.057388533,0.04918133339393932
366.0,0.034983854,0.047674456108225044
366.2,0.056425932,0.04843894205627698
366.4,0.041753342,0.047332809294372225
366.6,0.048193296,0.04388804223809517
366.8,0.04739782,0.04756506119480512
367.0,0.04574654,0.04381869617316011
367.2,0.033848928,0.0441374788658008
367.4,0.060126458,0.046645911567099504
367.6,0.034631164,0.04596491386147179
367.8,0.051102874,0.047324742761904695
368.0,0.0586156,0.04973048753246746
368.2,0.034258868,0.048143706796536734
368.4,0.055360266,0.04899480311688305
368.6,0.051793254,0.047660522666666594
368.8,0.045039338,0.04730615865800859
369.0,0.043831148,0.05276664698268391
369.2,0.059030248,0.05124123699134192
369.4,0.051771048,0.05430898454112547
369.6,0.06323987,0.05600857166666659
369.8,0.047460637,0.05650347729870122
370.0,0.059926451,0.05477213929870123
370.2,0.050187862,0.05398713423809516
370.4,0.055306408,0.05095958352380946
370.6,0.050262487,0.05181362733766227
370.8,0.046116881,0.0476718303593073
371.0,0.046077837,0.0456298923593073
371.2,0.049186878,0.04231942609523803
371.4,0.036127234,0.04449923351948046
371.6,0.044584509,0.04912505332034625
371.8,0.049438909,0.05059785700865793
372.0,0.063669114,0.04851327738095232
372.2,0.053451598,0.04832907283982678
372.4,0.034738653,0.04826289944588738
372.6,0.036923029,0.04986316497835491
372.8,0.056637171,0.049741803246753175
373.0,0.063342622,0.04852483624675318
373.2,0.053128213,0.0501756122683982
373.4,0.035537246,0.0450107906580086
373.6,0.028627709,0.0390322605541125
373.8,0.049804976,0.03792522808658004
374.0,0.033024842,0.04102159925974021
374.2,0.047936455,0.044078578372294314
374.4,0.048074203,0.04218052980086574
374.6,0.040434131,0.038851204705627654
374.8,0.032847376,0.04016172976623371
375.0,0.031387708,0.037106858134199075
375.2,0.046153306,0.03928022114718609
375.4,0.044618221,0.044573717502164434
375.6,0.038863407,0.04173662661471855
375.8,0.051130004,0.04036501562770557
376.0,0.039175919,0.038539196580086525
376.2,0.014488045,0.038677352112554055
376.4,0.052499516,0.03759321558874454
376.6,0.044457964,0.03722362958008653
376.8,0.037771458,0.04099375329437224
377.0,0.034982668,0.045155734489177424
377.2,0.046996033,0.04079463278354972
377.4,0.04576329,0.041959054229437166
377.6,0.045233521,0.04495128474458868
377.8,0.037766178,0.046367806220779156
378.0,0.047396659,0.04583650087445881
378.2,0.051610947,0.0443292534545454
378.4,0.042668915,0.04054401931168825
378.6,0.039882832,0.04128098981385276
378.8,0.032136188,0.042711887956709896
379.0,0.038999407,0.04515319669264063
379.2,0.062812232,0.046755636601731536
379.4,0.054299645,0.04831858929004322
379.6,0.042400622,0.05081181257575751
379.8,0.037050071,0.04679277002164496
380.0,0.049117498,0.03964361317316012
380.2,0.047120039,0.03906214403463197
380.4,0.028241163,0.03931760465800861
380.6,0.034758593,0.039637236060606006
380.8,0.046106274,0.03937009504328999
381.0,0.039687458,0.038510095692640633
381.2,0.042997501,0.04195033195238089
381.4,0.038398473,0.037737839844155796
381.6,0.028093551,0.0348035252467532
381.8,0.043315358,0.032908370714285665
382.0,0.021749058,0.03386021224242419
382.2,0.04019713,0.036364957588744536
382.4,0.03360573,0.034807152311688266
382.6,0.045214786,0.03386120097402592
382.8,0.03071761,0.035137172627705576
383.0,0.020483236,0.03414913358874454
383.2,0.043045007,0.031028677597402552
383.4,0.032534475,0.032761814255411206
383.6,0.037820776,0.037303790675324626
383.8,0.023394996,0.03743634877056272
384.0,0.055371474,0.03703620390476185
384.2,0.032633092,0.03499946985714281
384.4,0.027202053,0.035936647004328956
384.6,0.040939795,0.03226869330303026
384.8,0.01893598,0.027997154974025933
385.0,0.043803467,0.03150333873160169
385.2,0.015286879,0.03422873832034627
385.4,0.044370541,0.03220163538961034
385.6,0.038015925,0.03409950278354973
385.8,0.033810836,0.03201109553246748
386.0,0.021565417,0.036436645580086524
386.2,0.03770844,0.03283304246753242
386.4,0.036595212,0.03302930773160168
386.6,0.03929645,0.030598841086580047
386.8,0.022746816,0.0293785606406926
387.0,0.026243823,0.030095944666666624
387.2,0.02181997,0.02824233861904758
387.4,0.04029209,0.034194223593073544
387.6,0.048195959,0.0392095727489177
387.8,0.023903857,0.039967839411255354
388.0,0.059019542,0.038668587497835444
388.2,0.025451948,0.03562655829870125
388.4,0.03102524,0.034884513034631984
388.6,0.034291612,0.03842435693939389
388.8,0.042404855,0.03434311448484843
389.0,0.03934519,0.037075995406926354
389.2,0.039392471,0.03824703138961034
389.4,0.024537112,0.03283524305194801
389.6,0.035797214,0.03347172238528134
389.8,0.041390979,0.03428937611688307
390.0,0.018887751,0.036451307922077875
390.2,0.057603556,0.040349675640692584
390.4,0.032375896,0.03882863322077917
390.6,0.040771628,0.036537793891774833
390.8,0.037412468,0.037265291658008605
391.0,0.026669978,0.031708264662337615
391.2,0.030944951,0.033253168194805144
391.4,0.040427734,0.03289402019913416
391.6,0.032676585,0.03876523687012981
391.8,0.038478827,0.041667156099567046
392.0,0.044315825,0.039175273558441505
392.2,0.050051233,0.03620875319913415
392.4,0.021795642,0.03528948517748913
392.6,0.024271731,0.03182346571861468
392.8,0.034577815,0.02733589717748914
393.0,0.033270044,0.02764110651082247
393.2,0.025839987,0.030548159653679612
393.4,0.02612543,0.03195338056277052
393.6,0.039351675,0.031438948125541086
393.8,0.029089244,0.03314124215584411
394.0,0.040375487,0.03468871721212117
394.2,0.031055777,0.037395237229437175
394.4,0.037989289,0.03813961512987008
394.6,0.037662439,0.039708588069264014
394.8,0.046837106,0.03595313519047614
395.0,0.032714928,0.033592520389610345
395.2,0.02771738,0.03263083435930732
395.4,0.021881376,0.030092104064935024
395.6,0.034018469,0.03149946831601727
395.8,0.041637946,0.03215401079653675
396.0,0.024361945,0.028014593233766198
396.2,0.037099932,0.024942698844155807
396.4,0.008841827,0.024773772597402564
396.6,0.014604338,0.025385542627705593
396.8,0.03895789,0.0285506261385281
397.0,0.046464069,0.033909027870129824
397.2,0.027593849,0.036970844541125494
397.4,0.032893362,0.03444558662337657
397.6,0.042395785,0.03119363712121208
397.8,0.013944135,0.031137052298701257
398.0,0.036184136,0.03538359509090904
398.2,0.041163586,0.03235135418614714
398.4,0.034326613,0.029864150220779175
398.6,0.031082029,0.030643384168831125
398.8,0.011687079,0.02426326106493503
399.0,0.027880433,0.024237062073593038
399.2,0.028101168,0.026873183177489136
399.4,0.025706738,0.028020123943722906
399.6,0.041890402,0.03259384583549779
399.8,0.029148303,0.03461149045887441
400.0,0.026469446,0.03621544338095234
400.2,0.044246816,0.03296365239826836
400.4,0.037958777,0.03170628106060602
400.6,0.023022196,0.0296570069437229
400.8,0.017403088,0.026694297125541087
401.0,0.038095205,0.025543407225108193
401.2,0.015270622,0.027083065290043253
401.4,0.032412718,0.027476759584415547
401.6,0.035907661,0.025064663463203428
401.8,0.018018048,0.02295732371428568
402.0,0.014702608,0.024729904658008624
402.2,0.023013175,0.023319396337662304
402.4,0.033851645,0.022872024740259705
402.6,0.02581904,0.0276951006363636
402.8,0.027890782,0.029993594177489133
403.0,0.024527809,0.03224910469264065
403.2,0.040641537,0.03204616946753242
403.4,0.033827789,0.03495547743290038
403.6,0.039429455,0.036182242025973976
403.8,0.027010849,0.036421642536796486
404.0,0.038124332,0.029486493385281337
404.2,0.03033225,0.027606128294372256
404.4,0.024177604,0.02657175845021641
404.6,0.012512889,0.02708219626839823
404.8,0.038593118,0.02693088462770559
405.0,0.033345233,0.03062995080086576
405.2,0.029094623,0.032782722900432854
405.4,0.034721499,0.034142599948051904
405.6,0.034288408,0.03102526122077918
405.8,0.027175056,0.03318918652813849
406.0,0.033793255,0.032875389831168784
406.2,0.033106731,0.032108405376623336
406.4,0.03671876,0.03095209396103892
406.6,0.022832117,0.029012684311688273
406.8,0.029468885,0.026088949939393903
407.0,0.021792127,0.023722782601731572
407.2,0.022375161,0.024226215640692605
407.4,0.027430227,0.02704650907792204
407.6,0.026873711,0.027885459034631993
407.8,0.036220755,0.031405078272727226
408.0,0.030233014,0.033340672203463165
408.2,0.030901591,0.0313307577402597
408.4,0.035797392,0.030726757116883073
408.6,0.028473171,0.028913263471861426
408.8,0.022076259,0.031872687515151474
409.0,0.037321842,0.03442530187012982
409.2,0.034557736,0.03520651219480515
409.4,0.044441853,0.032560005298701254
409.6,0.031266861,0.03195658843290039
409.8,0.021030083,0.029026018216450178
410.0,0.016339221,0.029029438038961
410.2,0.041468645,0.026530227242424202
410.4,0.029652577,0.025057572303030268
410.6,0.027247059,0.025709237904761865
410.8,0.013663598,0.02585743487445884
411.0,0.018108605,0.02244126858008655
411.2,0.034918969,0.02316407629437226
411.4,0.028919602,0.025082425467532435
411.6,0.021090133,0.03169934159307355
411.8,0.025618545,0.02820108193073589
412.0,0.034364313,0.02515582322510819
412.2,0.035346148,0.024057023320346285
412.4,0.001443279,0.024217075818181787
412.6,0.02984473,0.023870274173160143
412.8,0.022704671,0.0219078549350649
413.0,0.030035412,0.024971398298701264
413.2,0.02729854,0.02791854767532464
413.4,0.020284113,0.025339903129870098
413.6,0.032880609,0.026994754121212085
413.8,0.018912376,0.028119526411255372
414.0,0.033276202,0.027432247207792172
414.2,0.031375034,0.02922777209523806
414.4,0.026959106,0.02639410042424239
414.6,0.016012262,0.022640394268398235
414.8,0.029075988,0.016896135831168807
415.0,0.007414531,0.013799491536796516
415.2,0.007727779,0.015929718675324653
415.4,0.020494111,0.016415714770562747
415.6,0.02179424,0.020383553813852782
415.8,0.032599899,0.02836227377489174
416.0,0.018171835,0.027701896536796503
416.2,0.042718393,0.02753536634632031
416.4,0.025985043,0.0290755936406926
416.6,0.014830422,0.03283733701298697
416.8,0.044563813,0.037464728103896054
417.0,0.042505043,0.034798802532467484
417.2,0.045941516,0.03934885314718609
417.4,0.030281491,0.03840234303463198
417.6,0.024597787,0.03300507073593069
417.8,0.044142852,0.03294574337662333
418.0,0.025175216,0.03248899809090905
418.2,0.036617359,0.0351510604458874
418.4,0.037687558,0.03297687306493502
418.6,0.027093333,0.02787214265800862
418.8,0.029001654,0.026431287948051913
419.0,0.015610052,0.023850691138528106
419.2,0.022817651,0.02225009222077919
419.4,0.025858496,0.022176319804329013
419.6,0.029387545,0.023346499621645027
419.8,0.021187339,0.02576063167272727
420.0,0.028925769,0.029418715957575746
